PC1,PC2,PC3,PC4,PC5,PC6,PC7,PC8,PC9,PC10,PC11,PC12,PC13,PC14,PC15,PC16,PC17,PC18,PC19,PC20,PC21,PC22,PC23,PC24,PC25,PC26,PC27,PC28,PC29,PC30,PC31,PC32,PC33,PC34,PC35,PC36,PC37,PC38,PC39,PC40,PC41,PC42,PC43,PC44,PC45,PC46,PC47,PC48,PC49,PC50,PC51,PC52,PC53,PC54,PC55,PC56,PC57,PC58,PC59,PC60,PC61,PC62,PC63,PC64,PC65,PC66,DATE
-31.019846941807224,-119.9110459444211,10.555187043779343,-64.25217418263549,11.460027645025576,-26.947779812179114,32.53916407576713,-25.432122583379645,18.02905086742783,-24.69035979288929,11.489554373444788,7.664754345347376,-1.9946786016519042,1.9800897593481086,-4.7039104569906005,8.04509576820925,-7.884367892966131,9.955968132025172,-4.86597379186869,7.184304805246999,-1.0266688315253885,2.014583987083037,18.021613707032596,-5.000820452818096,3.0904029449248283,7.576041525594638,17.159711058075562,-16.66113657179066,-5.454192949003416,8.438803052153654,1.8029126814838528,-1.632385796714443,-0.08931345088079502,-3.4002995601339374,-3.169170870070105,-4.276553103388632,0.6744661802891314,9.961339846368114,6.549599848841227,5.554221829071073,-6.989153570562255,-2.154681004535934,-5.347817445582576,-2.987406057364309,2.5513621911818127,1.266653939563483,0.5772078726953853,1.2723816254639495,0.2413015365112504,0.5686456011089648,1.38280070920084,1.1656700549430272,1.4674142831163215,-1.0799225404323296,-2.659941937341623,-2.6158802478127585,-2.5821590778634547,-0.7929214957575793,-0.09718793070074754,4.742165489958431,0.9678358950296149,1.1478897068666656,-1.5822521539615926,-1.924965367023957,-0.41963455990211523,1.7982247255965436,2012-01-01
-26.873025378502145,-118.23235615823226,17.021238530312676,-61.85183688282963,16.130657902105572,-28.32799977323297,-6.981584532829895,-40.565873087319574,15.475421767931133,-10.483091331107564,12.563988249836722,6.6171339179803095,7.423149505959674,-6.564055806082017,-2.5391134858513116,3.8054104112516383,-6.176585335168559,-4.736113306483581,-6.625705555037626,-1.3627067108178161,-10.094428110730743,-5.128063322058844,2.232512997264764,-6.213507979676285,-4.61182131053389,-2.3201025319115187,1.6891250850456399,-1.1534083721047388,1.748912440685396,1.6264913274082258,0.6138320035300799,4.59954946827115,4.608219593719564,1.6783729000335041,-3.7443405865004533,2.130696930144705,-1.0527523125813076,-14.944178935410669,-3.0400831209294608,-7.471737456113724,2.2468264676605196,2.8264710962469772,-3.0687290604769246,-2.589111359864349,-5.1308994543217255,1.5596085291176953,-0.31658696047621127,-2.4298493635055842,0.3717778141425567,2.623988285965356,-5.607463718911849,-3.2216839525936463,-4.875674674966287,6.051976234204168,5.784780140304602,8.465138748680815,0.5902407483154697,-1.7515247889188064,-0.36284946136871526,-6.523141003935463,-0.23468021144169157,0.7924874356864624,3.000700305422228,8.452224674526322,1.8249285156016852,-6.510434222333928,2012-02-01
-19.671226037003187,-114.3571446553825,16.722017919274933,-57.16668196602555,13.507762943995706,-18.738623449311497,28.229547933240504,-37.0747249041024,-5.97574034045001,3.416924431057568,15.950941905130655,7.106179048556038,1.9661200274281614,-11.22598402609782,0.6630230283866205,0.7269850029449425,3.1706886745268563,-13.38877782658759,-4.4103558603185675,-0.6833422743935824,2.175866819743555,-0.3926776560853593,-0.41845015920336154,-0.76473743915061,1.3451422642968136,-5.10879091001408,-1.0758675984505495,10.31631820782654,-0.7951617891711915,-1.5233096905339991,1.4847061135167723,2.3180246797429223,-2.547136136846959,1.5505203128816099,-3.7200310619949892,6.819502508347962,2.698519577649413,-9.98676199496369,-8.76053376519459,-0.7673803020167187,0.4369290045438109,-2.933592103508961,10.576176031299829,3.482975749744596,0.35599813856445534,-3.673411633308808,-1.7949623214263188,-2.5155248982969525,-0.7846261842713154,-3.9382212133774677,9.619733963097122,-0.0913032279249959,-0.7052529393561828,-2.077449257153964,-1.326835495494118,-9.200163832633633,1.543873406142668,2.7170402970430674,-3.3370467258970664,0.7300888560458669,1.237330046981979,-5.9078102276354985,-2.835985263409905,-8.628278063354728,-3.925379493984339,5.444537320970887,2012-03-01
-14.720772402158127,-100.78558732752572,22.80050791924129,-44.52311437782752,4.461134626482873,-26.965052523558754,-9.942929413301808,-43.646346887411134,-13.35294814800751,4.463948601623905,10.768144029859705,6.338884624157686,4.709807257213061,2.2368987471321033,-2.5980944497054583,-0.9282893746282184,-4.285431898913016,3.338291453935598,17.535556704293565,-1.2225226840558818,4.770276074296945,2.399290951582944,-5.537092056672436,-0.04319268897673588,-2.605404351228402,3.1052823578114546,-6.441108369685719,8.74284816904008,1.7351966942275,-2.2297811856435397,-1.171096454106999,-8.978384067759935,1.0121410248375746,3.9030310472111456,6.5664236351312635,-8.286352383938228,-3.305567216545289,8.200442417511528,2.7212562866820185,1.2466415090816652,5.776736412126791,2.323939004094777,8.439982051855168,5.710415507246046,0.028379287491687756,5.5404092028768055,0.21798739092159627,-2.861859244448751,1.9684806684128409,-4.505894921051682,-5.044419050025102,4.946646405101132,7.753882554665184,-6.097977416822356,-3.198760750786829,3.4787237851642465,-0.1712185598850302,0.3610677374727328,10.228443736800568,-1.6975548299824301,-4.448313784796382,3.353612851829472,3.9038004787676215,0.5381865922611675,3.646154084854317,1.6553086890748219,2012-04-01
-10.735541243833028,-101.5749647142502,17.582666158040166,-40.74606679126299,-12.27130676819358,-23.269514817152828,26.27939901109072,-30.755517689951933,-24.27216981070412,10.815625029120868,11.311314559894512,4.5287788884686275,-6.495857797419992,4.992788519919135,-3.2000859578472385,-4.765209567173242,4.761253106444432,2.9338059056705705,5.948646586607004,-4.30187646117367,5.309606844228227,3.3174561608169606,-12.563025448879127,12.874230682918187,-1.9056262852013508,-1.7451379979087387,-17.480913462029584,0.4712676112611007,7.517812737933337,-7.671936726242154,-3.2833738306551057,2.379063401127205,-3.2581022451162864,-3.990825250227756,6.8584448753757,5.372212834737253,-0.6939448459503789,10.207565499450698,3.5590317542144145,1.6832147570170737,-2.047016908902664,0.8384946660296355,-11.36112621395201,-4.788614901618808,3.3673994963409517,-6.367646217140483,1.5183054779804561,8.148277535475822,-2.2148354695347434,6.233203406883779,-0.6193648401245737,-2.3265280124815684,-3.6322180441819083,2.456932379523329,0.41856726520439497,-0.029058572018255777,1.1566729634012582,-0.48053070955503463,-7.218582700173507,2.5595689204294936,2.7048650946622597,0.857929968909002,-2.4373117296669453,2.003808524297414,-1.2430621326636255,-2.685070114722935,2012-05-01
-3.9666055470335726,-99.95449406364874,14.334566860481933,-16.742935995390393,-44.5070927674955,-16.980861281034404,-18.059055639079457,-5.901818091981881,-0.004080601221549131,8.570033264416026,-14.112296616569521,-7.709200062431667,-24.6368669460641,15.647690152323756,1.670675859957416,-11.60304387069791,19.908167895726052,10.875072267409696,-18.649042278353466,-3.607576417588451,-0.2805762462256347,4.093340055150585,-10.241537858780173,6.433231618372763,13.531022052718884,1.641550955017507,-3.014591771222958,-0.24071490698509992,-11.33534690743767,-0.7352972864037424,1.8399131158761686,4.310885826109403,-2.3318024248959413,0.6023315228841515,-10.106378183469209,-10.361048083508518,9.598439205437005,-1.0081462841483613,-5.353681461549397,4.27730495180973,-2.1987842892308844,-6.002632518029813,0.1455991039531097,6.429724190032361,-4.523762537496427,5.095594023427399,-2.1970292057878367,-1.0661627637970923,2.6253067829300742,1.897701818595601,-1.3004746842829402,-3.845232533521374,4.528377469995576,3.6180119343960806,1.9833266573503356,3.097547660297834,-2.013718455557781,-0.813989368959014,0.4477547444366627,-0.4956155876849497,-0.03228307711279482,0.6969413942319981,0.6948993741890432,-1.1693564229696445,0.8094329555872359,0.44076685726060105,2012-06-01
-8.991081053748438,-100.12659605971751,7.878623237403512,-11.76140880537543,-61.90690348539571,-9.827965345261623,19.321644518144883,15.74799341924192,9.057418103069919,-10.564623984000413,-19.16842283170647,-10.08242327140202,-3.4214893267554483,17.52377021605224,6.042587295050981,-12.53746203617834,11.095703238778878,-3.343106895412324,1.4415508324185318,-17.989313094892164,-6.40048166326812,1.804440144582098,-2.4058166552534903,0.3742402680860884,1.6230043433649777,2.9487907580950177,4.923576683114204,-0.6902761226150695,-5.30492370651086,-1.4666514206614263,4.2859249744168295,1.35107114548874,2.6727962677347312,1.230038060272259,9.765790146355373,1.6645249478296167,-4.108960365356658,-3.3303949935810797,7.873509379887807,-2.4048494563329825,0.42342212060277995,10.070965424760182,1.6030474218145858,-7.397284390284787,0.27568536465194005,0.9590494348775199,-0.1415535410420758,-5.858443635903907,-2.263610924599275,-11.083933762801221,-0.6713813233473946,5.4882400040904615,-8.134273905439374,-6.418197956152661,6.062937895491218,-4.029385500158528,-0.6506853507533674,-2.1883309896114813,1.5116340747810244,2.9153340295774877,2.8810491054442195,-3.3973788491041175,0.47700853824923195,1.4963148754043023,-0.9124273536691537,-0.9207991646885788,2012-07-01
-7.391135880715719,-94.32934180144053,14.019037245971854,-4.473002289429546,-54.23854336191842,-11.213642398176264,-19.723640799919032,5.159019983528532,2.7556658524991047,-11.923701974902421,-19.246185920568156,-10.79933450728466,10.237268470842594,13.508918793518854,10.682764241019841,-7.0452473810996175,5.9198977822332655,-6.017129148102912,-1.7445217611157326,-2.667051167204052,9.668867309062664,-1.6986629415866208,-3.943240836123943,2.6658078497696063,-4.269080800863269,-3.574083087524609,12.172756769187803,-10.173463154865727,0.735462694666386,5.6813574716926825,-1.2736621926345022,-3.3334979308022654,-3.322298370252664,2.7628398823462104,3.8345078606376757,10.894603854915918,-6.120964393271179,-5.801551679553148,-2.8804091328526034,-1.0590987598039217,1.7658738423946974,-1.3846735298657202,4.137648563791317,-0.6382245908011415,1.410654749202935,-8.016624099009528,3.3494720538830167,6.89678371031068,-1.9424978439272247,5.570972403491179,0.49012507924324394,0.9127736244591995,4.413056404499577,5.436781182976898,-11.995057683565754,1.7136442695350518,3.795311782453418,5.227123117259835,2.886222819633534,-0.7817222601613715,-8.007046069359623,3.1708757175826214,-1.585598550764883,-0.5670275092245006,1.0840925696659283,-1.1878248404448317,2012-08-01
-3.2003804360841412,-87.0241847887151,14.529050677971123,-10.226845327194884,-22.23604543963172,-4.968770630234011,12.168947439011474,20.122234875397,-27.195897637342437,-2.4729475401899634,-14.366115777998433,-17.192999803301582,13.19033616778176,4.431057423522282,12.230578327678211,-6.265217841264613,1.0107308751808293,2.659861968421348,2.5367437349120388,9.615926407593237,5.227738417755625,-4.3975648357971435,-1.4118111086963119,-18.36009547850977,-4.76431686335056,-5.55428312900791,5.1562471428911145,4.52861351443232,-3.04602032324252,2.441093717172877,-6.067566546966715,-6.075965007848164,14.993349823628122,-3.9424457370942623,1.8289311493954468,-0.1411133490942449,-4.1475670635302775,4.671935284254335,0.45721937624653525,-1.6957715726544882,6.414846528552779,-3.8399553367487287,-1.3074850505034488,5.654792422244559,2.7154943663191324,1.7651789967502183,-6.395054495350884,0.8714016560919013,1.261006035452327,10.496666503094035,4.187012479802479,-2.262307723911071,1.7139255485680538,-4.351584784471646,6.894521761795176,1.1356142715501805,-2.762077092053703,-2.0080083174669565,-5.817837037710362,-5.020820617799673,6.883776089289022,0.1375585277867467,2.145938504780617,-2.6773556022984324,-0.16120784224342652,0.7646173934735112,2012-09-01
-0.9459378040278407,-84.08468258202305,16.22217305231035,-10.206250182737751,-11.831782962391873,-11.914168352341726,-27.592471008375263,15.024273403534059,-27.43181625727028,1.6103154393815895,-12.183015972636747,-15.199803037894014,9.940725231057034,3.368753910941479,10.040480664060468,-1.3999237098084134,-4.321751012502262,2.577067080698989,2.9439322416414377,13.69332695113703,-2.122547416703028,-4.530002168151583,6.715987292798234,5.347169581124278,-10.507565713930951,-1.6014653905241796,2.9846658859311552,12.471453813520673,11.037260511979099,2.473380726841319,-1.9595886409664705,2.306772214267167,2.1404717606963812,-4.720228291752724,-6.201939600948339,0.23110548177799384,6.398307552910247,2.3888434068533955,-1.6749175198721047,-0.6768923799274179,0.4677634117397409,-4.332540350122407,-8.776244664424508,-2.05614627484027,3.4303009478866233,7.5035574435178916,-1.0189137678577647,-8.554380674776352,0.9446296415281731,-9.4180039949924,-4.309211816543933,-5.614913934032015,-4.033142713502031,4.551158201622713,-3.804913281141565,-2.2356106370461024,2.884539622879612,1.6102852530925824,1.9615907914598696,6.521258533911838,-3.7151886256449442,-0.7468703516630018,-5.82776807385565,3.8578452753429353,-3.5524949572768407,3.4622502464821956,2012-10-01
-0.4505606286126851,-80.241179682548335,13.228981104757313,-15.534115696432963,3.7207350256608525,-12.459471918329807,6.4271937355215885,36.772668120863294,-30.77014023139821,-7.456335602554864,-11.54311085477457,-15.130764299254176,-2.427299691594271,3.743025573688164,8.225646375125303,0.04125171404254368,-6.654952294593678,-3.3191734633066314,10.476601166572646,6.409226057300578,-7.887595478148043,-1.20011894766431,11.666426766085348,0.7615149799901932,-5.04827401592715,-0.5196311139776604,-6.46343270576607,-3.557580608415358,9.6806812247581,2.782313130932306,0.360910227094371,0.8927584229686425,-16.416147011674695,-0.5338454700536224,-9.274169770377567,-6.740426818347164,4.746936829204416,1.56984701320637,-5.958305508690859,0.31328819732744684,-4.667468391338172,5.3595500428074185,5.868998695286818,-0.7636380139599959,-5.151090290485119,-0.1510930835787782,11.585664660759566,8.294707485593909,-0.26101538599966384,0.21647466833154266,2.5373047023185014,5.197260981701174,-0.9268602475679174,-0.8899566824321754,3.918759628670593,-2.3698384120917186,0.04062002258890007,-2.1635263539310974,0.18547222894012466,-5.368707636905541,2.0796799147330747,-2.260787286996448,5.362529786925389,-1.2568594496547811,3.2585508319973444,-2.9032514469895356,2012-11-01
3.571850774513719,-82.21293854868455,14.859954618703611,-16.035499339041362,11.502740240120605,-11.269626716759998,-30.44504321166981,29.575595373186605,-9.397940610861653,-13.050140902778864,-12.46769021921377,-7.658558039180008,-15.624870717828804,-6.937239109428682,2.0322491818300374,10.700475466746191,-10.82530159038353,-13.3197875492112,5.203042883916011,11.12797031170195,-2.5479230439651306,-1.067971856756722,7.575583020751905,-6.9397466327715325,8.528399498964662,-0.6389989053778217,-10.039757506707868,-0.8535294917704161,-4.35424342151807,-13.449039738453772,4.9716950709903776,9.70143935279527,-1.6208485328701119,8.691738443782324,4.114923840920149,-2.889441236677607,-6.409807054250014,-2.7894846209478175,7.868443341973814,2.468662962713216,-2.452682507139603,-2.8272769807828992,-0.981678863282719,3.0513771336894027,-3.5444751424530128,-14.90797590739004,-4.758346153380261,-7.290354654586737,2.7180844788296508,2.07582620152159,-2.3252691123218985,-0.30952921828756036,-0.2932374469940523,-1.7820771047203994,-3.664963341343896,3.701135990337258,-3.9166545206785046,-0.7480775584315782,-0.19023227211575616,3.346972824296533,-0.02404738999002933,2.5256843386996968,-2.329391915830648,-0.9709964969027887,-0.5900375534474054,1.2232513100788696,2012-12-01
-11.31486818874848,-95.75328062636154,1.4323668185410652,-25.855915520257717,11.13702146966642,8.83948200293225,12.912945292263691,34.956862944125824,24.750460429621114,-0.01092896342860734,-14.060045571338458,-6.2516342069806425,-2.4681629606194515,-10.619672103410737,-0.43117936324559675,17.564441199114427,-10.289542814592147,8.10481407182289,-2.7694021165577256,9.063448488044155,0.20554358871267003,2.796988494397564,1.7135782027431503,14.204144722960478,12.61668131386401,3.188619283854958,-2.8180272897982386,-4.504841501239772,-0.6853745702817738,-11.89587176878951,-3.9669394230653694,0.3542905117710063,0.054595391951097076,3.1453202211403246,3.3509416893984465,6.800156122407342,3.1048110797824164,-1.988410290934595,3.2005935419542415,-5.338943360334812,8.546956194652285,-0.6133911764470915,1.4629075174471327,-5.686288477902623,4.51390480746758,9.598369806805518,-6.0543590081605,5.9090092498064974,-3.4592185483707936,-0.5988690292787167,1.8011338948363784,-2.604592431338113,5.566631129808771,-1.4787431946674203,4.750618353642838,-2.0278763149320067,6.940784903258337,5.078517086006584,-1.1452996161931874,-2.7366948003899205,-3.70113184163557,-0.12573634091008096,5.235467735984296,2.0609693043799853,0.8181219813481146,4.075096969922466,2013-01-01
-6.031839774580928,-89.29280246793752,10.33545280658423,-19.352606975819825,17.29661444765998,9.063603997655857,-26.301512264369325,19.481746340769977,22.60520655738511,11.988119431433347,-11.17046379449502,-5.855433142966202,8.783181795249293,-14.873954913393396,1.2283875211065225,11.862510021531047,-10.110877274637163,-0.7527880705732884,-5.6298671935644,-7.662966701731548,-9.621829359535425,-6.607030615853064,-6.379179991723257,1.002841343291635,7.072177355189509,0.15395872990952741,-8.299511967060385,-1.1289713380233561,-2.699592511095759,0.5824855836048403,-6.830247419471853,-7.329347442154962,6.8448845642601235,-1.3965322635303876,6.21828990346559,2.2856599420776007,-0.5245223701558192,-0.19202727697124752,-6.022556432276219,4.796719305652325,-2.585180356535221,4.117123545546538,0.7081400347186052,3.1917003330196447,2.4308850761314127,8.8154934030064709,5.349009771425343,3.681820831748129,0.2978616472078798,-1.996057090474535,3.198094717399468,3.354868810886964,1.7787130784027918,3.4759993988866262,-6.49004415885755,0.10284757648428584,-6.669816007013848,-4.835339318316759,2.4647199302909506,2.5235587600181995,6.762157455647266,-0.5984868753910672,-9.120060493849591,-2.605116993978689,-2.3299880321760353,-8.513466787467179,2013-02-01
-1.3645613840889586,-81.2425625559866,8.48579370102452,-14.083819973837436,17.48990725829406,17.18365777336103,9.595859186141109,23.25898515271609,4.12191272678758,23.87732922846303,-7.312836179085479,-3.4456552056363523,4.562962333912602,-24.66704339045676,-0.4442241503489537,9.617994256735471,-0.3428127513263859,-12.13103282766898,-8.901790151276007,-7.869020845736956,3.945082639128995,4.624301584672583,-13.786260820859969,-3.0891762518316477,6.850079043181451,1.5213682614437063,5.5892974288421415,5.131725881132957,-2.2574862950299015,8.798192433118517,0.006306312709040355,-8.258532007145677,-5.555995437222763,-7.235682062749898,0.3246594968498815,-3.523604511222935,-0.22690480105616664,4.452997054382391,-9.044567247420177,-2.838839160402492,-8.769840694485861,-1.2652592877511617,-6.9355008429247595,-1.7497921137201973,2.8223881025570496,-5.569122421401109,2.290482972563648,-7.279758607947068,-5.0410067872633935,4.813541418389973,-5.600154029854128,2.0984275569978403,-5.056069605374523,-6.510178387689644,1.2445760096663063,1.420025792358916,0.20097554391971673,0.4489961106944209,0.8327559705530825,1.690237379255793,-7.12646198849691,1.3067536652689868,7.278056730412136,0.40303165437861344,-0.30555663297399716,1.846390767602848,2013-03-01
2.2782510798440443,-67.18934527131019,11.44811095580475,-2.7699914398500867,9.67882138519858,9.194498284444682,-27.18021648026513,12.314914759105054,-2.564402608102604,27.70239698218559,-6.247434162886887,0.6280918113943357,6.296968512351327,-14.22679147477697,-7.162773263120269,8.458924170733,-4.067096581785598,5.779811468070326,7.769889797760408,-14.243562621596997,8.576258498265716,8.289442135641707,-3.52994181686028,4.487942773022361,-1.777603215450903,4.433081915400836,8.702287541340114,-0.6814846441355469,0.628257188741861,7.021686783836105,7.138792006922973,-3.2915034119898894,1.212144146857481,-5.502232287719343,-1.7650990325916613,-6.154405212081334,-3.5564800270185124,1.4958630625826903,7.477604196903216,4.310690482101934,-0.5071855843520214,4.284945321868702,7.9433757067116435,-0.46750503196033694,-7.77049441290224,-6.474514829936619,-4.961963489244983,3.911998428399356,6.641118140778974,-3.805637892868962,-1.8694587611018554,-5.2382406413448646,-0.37312405428959533,7.378576260784885,1.01200421123182,-3.040182333447528,4.022289466910713,-2.8612565393276683,-6.136804906928512,-6.537673252457708,3.689934121996279,-1.7216610020125676,-5.1856533872149955,4.3922412240161055,1.2160408037743706,6.232942125621257,2013-04-01
8.329275160749138,-67.40311182399726,6.47194568261631,4.517922195340305,-5.530005534363872,17.63909459740219,10.276852314813269,18.479570401553065,-12.73475545928281,30.671315896217884,-1.4597595956618117,8.376095810940136,-7.018354883762076,-13.257869487881589,-8.653348649736305,4.443578971272961,-0.3090914907762923,7.494057764306996,3.8827064270107132,-8.22739240123955,9.210085151902344,4.66743702723206,-0.14928670664228252,-1.5473911357462684,-16.88998069598173,0.5219966085962208,-2.1775365771079915,-7.031144975861673,2.2390006316220448,4.161874561360056,7.1294925022183895,6.540852429473134,3.565068422486677,-1.5243847633128316,-7.521249855800233,8.581662111663219,1.9113245977257702,-4.368654284469106,7.393584652650935,1.535587992349212,2.0588469062052885,-2.2189393026608863,0.3938167487455719,2.2596197503940267,-2.343034952134584,2.5583741501185764,-2.1413455667575376,-0.5662206084664247,5.800512363087895,-0.5368325559021025,5.848055997026504,-0.17374556084121728,-0.34810823706531674,-1.2284744639399838,4.2054879120274284,5.114685134112389,-1.1715871847928334,6.236089891966007,5.415419123358246,10.327830520882193,-0.7755578989780704,1.7816496043834646,4.1403740833149865,-6.085046619531633,2.497289352773598,-7.9773557589625685,2013-05-01
15.134985847905435,-71.86123677580444,7.210752529269991,15.523578883873595,-31.383720924583486,17.216711062937918,-22.820471065408842,6.151417351366279,10.799876856558393,17.485706080805237,0.019266235477738997,16.705253237958374,-20.43056875207955,-7.766769086413603,-14.066155181562449,4.823978324707291,6.413734081652618,14.33199287586635,-8.133111691681528,-0.5336858958704087,1.1621371992564262,2.7338755932340137,3.0764406757086156,-14.296544125821102,-14.633291303416145,0.45349756546828646,-3.963397299679026,2.6069373723762816,0.2955631640909846,0.15435265998848927,3.650906775444406,3.29849712709101,-0.9483272766402642,10.889065624375394,-4.178904080556752,2.0421757317377005,-3.5554713536919027,1.9644643786589335,1.4195321554175755,-4.558554565550796,6.252193363491333,-5.166221896876296,-6.984349514660988,-1.089491205335887,3.303961430350686,1.1799996506567396,6.712901334087273,2.2695919006275296,-10.068229697867329,-0.72392821080695,-1.2661859201317867,6.6697531204372655,-0.8865122906402675,-1.4631343537320851,-4.986193761600935,-4.426761080187299,-3.092685843807995,-2.2312120071007744,0.862554161261994,-8.654240271832762,1.3801111654437592,-2.1643544304136806,-1.808221489642962,1.5031902457568795,-2.220316817203051,4.932122993762504,2013-06-01
6.564437387577349,-67.49080762459324,-0.12922645637751834,23.107981890605846,-44.112539278403545,27.149021860104646,17.65848025077884,15.155505639779664,18.800004633570207,-2.761984784289817,1.8675859860474597,21.614371623928477,-1.766377797851792,-3.968778920153328,-12.351785069807105,0.12626662545572326,6.955865542434843,-9.049283664037768,10.539270786196292,-10.485108535027777,-3.343875838940601,-3.363931704410287,11.937345301796526,-1.4137064485091304,-10.266586913653576,0.47654195150022716,6.9854177312508385,3.2876431631939806,2.2113990831089305,-8.256719089874041,-7.118310865816681,8.410703866692165,2.338624629964988,4.588936524293595,7.004141364864215,-7.698845205257541,7.319291175611801,6.275538680815397,-11.174639955334136,1.3943678551409544,-3.3797382916934824,-0.4250163779252094,8.82704479911355,-1.0726379292020503,7.316055632183136,-1.3954330048500423,2.053578629919323,-4.7155062804723364,-0.10764085147667261,3.892510942005985,0.8504619291869067,-4.917808532908506,7.244815103739169,2.458349521308605,2.875509530271344,2.4399333778825385,2.6119823374426705,-2.7754282648174087,-4.9680350952928265,3.8166517046647797,-1.2469446919303229,2.302188210413182,-1.6489135581092098,4.09715192573602,0.9432845384541204,-1.844089140837226,2013-07-01
9.928410859149157,-58.904598935266414,5.5415269315496944,29.13019592126459,-36.247937314283575,20.429698628059747,-20.374621058876272,2.502735452889783,12.094506151972173,-9.792338193658017,6.155400245520543,24.2007077245235,14.637333066203437,1.491832717492873,-14.77614931357673,-1.9393897078118265,7.017711553303639,-6.230957278403648,2.617791568648273,3.7360334821096255,12.428993039727024,-12.955421083081072,1.4840729912587833,4.508945195516366,1.7264264968058665,-5.436082028753672,-3.0957421128544618,-8.351672227041245,0.38767829552680483,-2.206495635766231,-15.007472298157678,0.050074834837214637,-10.219598836536374,-5.16480120372606,-3.4354765363245194,-2.3952056912465283,-0.7420836853455854,-3.922044424570324,0.5929711110472745,-4.874979676430879,-3.3458477410945044,8.029910945460985,-9.768730112156872,2.4123493019343325,-3.7015655330514607,3.4480337385508384,-4.792701533067631,-1.4338061829613178,7.105496299380777,-3.616651723531387,3.2811768704671582,-1.0363192222320894,-3.166655366406865,-6.909893764978137,-2.9836286720975713,4.371383693618661,1.352418829992253,-0.9495408689512741,0.7384583389102225,-4.041176541817165,3.862974138658198,2.4955556117886077,-0.33084287943829155,-4.998497339707763,0.7686206713753139,5.067892057044158,2013-08-01
13.014082418164524,-53.15334133729177,2.889947402695489,21.55807142531645,-6.977910600931052,23.21286203863709,12.965528154439841,15.308475947231985,-14.20626732934531,-2.094589489964248,11.777875309142617,17.919234532114878,16.949316317769807,-1.1186642085150889,-15.87317075101879,-8.475895770059092,10.476271575328562,2.4165378198752183,-3.8179281308679065,11.229695972316186,4.243894974516655,-8.171688005245759,4.44059510139103,-10.700662906361616,11.633990228318673,-5.332836186038959,-3.3070928087928757,6.293084239745984,-3.9985607011995263,-0.717309225108588,-2.9912590370908,-3.237200019449243,1.965309096513874,0.550125482983613,2.75157567974551,-3.394264163308954,-1.2075219319476644,-0.1768781527226985,4.589775925485652,1.2354201825066433,-0.8907951088431632,1.4069137692417966,0.34260624644188264,-2.1648194814196717,-9.09098638551694,-1.5491566505793626,-1.5759871864808623,8.076198649447099,-0.3072243251500656,0.34090752367590776,-7.471800513358268,0.49105460263743866,2.540640980169106,7.072718728639481,2.094987903544616,-6.70095054667135,-2.4952428323080045,2.442307172228717,3.7497257007030855,5.4781495580455895,-6.58530136941402,-10.887273249242101,2.3783164896867546,1.8370779633271892,-3.208364789282692,-4.292008657564021,2013-09-01
13.550700184540537,-49.28018483732132,6.619302394090207,19.91386035434956,5.5081876425043825,14.62104973974537,-25.728437506142864,9.327577789186469,-13.793286995360129,-1.1135515274561836,12.858206637753698,15.36367152123626,15.529911962481002,6.010576101235902,-14.376702443508501,-7.716811727977124,5.852330388437311,5.916291220188981,-4.175621353218671,6.674579920579473,-9.584283795863195,-2.8400655126465213,9.370346283410825,15.35714218165758,8.114332948748642,-0.7532573650913518,1.4033696653052672,7.009347523175238,-0.8339539738733663,3.056839620312254,4.820673822271686,-3.3469234518910502,4.26835883787635,-2.266449375271983,2.0142764179693806,8.736191179214728,3.8377577616214915,-1.3733905108125604,3.5932814176353283,6.5091140763686655,1.1197714974192339,-7.4230542546402924,6.240950082230036,-0.7485687588085265,3.013415051102023,-3.100745100348604,1.3247181641856276,-3.5504009962040097,-4.209126307734836,-0.10769866179859154,-3.5602004363625186,3.3497260053964344,-6.917472469134379,1.3675771676845647,-0.6780040812023467,-4.1263813778699205,-2.3014391840583612,-2.5313199136379407,-3.1829213513883094,-2.962499562864391,3.630588020787707,11.913028042400637,5.909811072926208,-3.86476810539858,5.3943893965309435,-2.068003146756605,2013-10-01
14.328998472204514,-42.746918704982804,3.756127182083614,15.192254514661217,24.20832089655693,14.452486383806708,8.614372589575387,25.906319268658333,-20.610512272691857,-10.647664226863734,15.376579490414526,17.47582054626393,-1.1759906886209366,11.288629097394754,-9.294084808105353,-9.199168840382404,0.8880651095001403,0.22734659036987437,5.125876964838341,0.20612898128478316,-15.615487899762014,2.5195959156241656,-1.2746903017652251,5.060761034421036,8.45270116281554,0.3007770582041474,-4.574437768189641,-3.0846733931012826,-0.39963343462287015,11.98871243676135,7.71477143288832,-7.9200243675114015,-0.12459183910176752,0.7982130944828191,-3.645657879712358,3.2653948851471517,0.37822063882814766,-1.421196745038906,-0.2582777816862935,3.0480218106944967,5.029511959148115,2.1315788138268377,0.5269214200834871,3.4891736132910967,1.1963670391104853,-0.590512652583247,1.4618527972957338,-4.038836184732017,-2.3752370576901045,6.131996861145971,8.470706553012812,1.1817343061141556,1.0759624476001457,-6.206703764796388,0.6305561476357991,9.673534227482843,2.5259417207574826,5.752661810326516,1.0488468965848146,0.5153231445902847,-0.3080289059156624,-4.232234412377056,-7.939265253383223,9.56685249092088,-3.8003255600283423,3.707602866501108,2013-11-01
16.161956803026914,-40.57140882830828,6.927582556478251,17.263208265444973,33.28903805095128,11.440944518962425,-27.56235869678069,14.627134123692292,-7.048553110044449,-21.91338260465523,14.531634579690264,19.611044422374555,-14.810957118188142,11.065799912731459,-0.4964957914785153,-8.574923335654681,-2.9799676723969326,-13.74175598979466,7.284133841252334,8.778274797360828,-0.9390149700316383,7.093066741570807,-14.482405644489805,-3.8939754143462055,1.9493959694720682,4.305911519399539,3.745353826450347,-0.46070086787092307,1.8306566418750958,1.5339657608962072,15.899300197439576,3.8694637068190745,4.594612594493805,-4.891810448888257,4.597156485136418,-2.1737978943218215,-7.3424318959012025,-2.2793158943096223,-2.5101368184607225,-6.289384127569604,-6.518517567055638,-1.4968061225912723,-4.128835923864044,-1.6853123091727666,10.610117424819931,5.240664185718905,2.380142847810378,5.377592806042895,3.4582421765825226,-4.871838129253227,1.468735924581128,-8.034423133569105,3.824241169557295,1.737076588244412,1.1374365805823266,-2.049246629000376,2.6482798376058705,-4.5370285351345805,1.2281783121317504,-2.874693160219556,-1.3647500032891615,-1.9062675599964631,2.0616887663762973,-5.926554222962076,1.0380361625214893,-2.243246472299505,2013-12-01
0.006438236295663698,-48.892828735860185,-4.227941503702162,9.387662413904575,35.2983576809908,28.293685909609074,18.132763207612616,14.246888657617522,23.869591230694443,-10.182407598182467,10.589754527587848,10.485545240462141,-2.396201559873171,14.190634581670198,10.4155240682477,-5.7730578227327705,-7.613575458067283,10.561330084263476,4.004702963784975,10.208316235801114,2.7202648812875725,8.694646653329531,-16.419470891088718,4.855579345317007,-3.526682175763797,4.375912303519288,10.74180581294063,-0.6730762510298103,7.771040487214851,-9.303618153965713,-3.065989226826306,1.4165247260288445,2.1178521989042434,0.023847230105978737,-6.051658605564484,-2.143510238465895,-2.320317202298002,1.556972161762308,-13.37800449785197,-2.3714767462275965,6.588974138352317,-1.6849230368270842,-0.2517683649070607,-2.475601261815536,-7.188788516597926,-5.749846265169245,-6.079091836004046,-1.2660076847826727,3.8370421112762867,-2.6358302496458728,-2.263816445650205,11.530106430392786,-1.257999389394617,1.5541970608756095,-2.7614499888733346,-0.746059176116006,-6.270417914087496,2.279948427309969,-1.9862172286452762,3.305672925732728,4.802395673410259,-0.07013450868740694,0.2997453756898131,2.1853821876709243,1.209384256322943,-1.1072450793609614,2014-01-01
6.441486302959513,-47.23638101406148,0.13159827765438312,12.20706615292279,41.458549536257706,24.105615062779094,-21.050892241695866,0.05853545298675311,27.34056156222169,0.3849609038903627,12.771341671180855,4.446752659036406,7.853254844803369,12.450385717023272,17.467475674328906,-12.556004207812938,-13.017223885397563,4.510585149352816,-6.804118382106971,-2.81781780611665,-11.473797278098932,1.718869530452513,-10.002739021235662,-5.9051135582963115,-10.237827059367628,2.0144852475014976,-2.5686468131640776,-2.858018316386699,-0.3381399795823952,-1.4265674794871268,-10.079880123664548,4.234844004209296,-2.8712150285767875,3.775052421192391,2.4922375928798037,-3.135074316401806,3.0952460800152934,5.380344754868127,8.382348393754262,6.0813741278836595,-0.8247835161182464,2.061779750944459,2.8567524955701398,1.3263128130629616,-6.813715226690182,-0.3854693180715977,0.9302723470634324,-2.8526371468211393,-6.766610275431575,5.2744441242624776,2.216786877911458,-3.939420599089825,-5.011810281800087,2.737225868214035,5.95541300081385,-2.056241099820695,7.479030026152569,0.36570247703981745,3.4682020981628385,-1.3679322369848261,-5.153521911338248,3.0286887817262014,-1.4143641837483956,-7.757755574639067,-5.710258589768924,1.7125162738659383,2014-02-01
14.299841150501674,-43.42894945411888,-2.324661271704632,17.30979755535255,38.02154477280023,33.10742812801312,16.225970749683075,-1.6441400763120166,8.41643832353431,12.278787998396986,14.471119454156483,-1.8225456951859826,1.692686382370485,2.496130022874748,23.621324640498305,-11.844437594923113,-2.5173912262620584,-8.82009580190962,-9.816178529759867,-1.330591604925157,2.4662367027801553,3.44905024704173,2.2873753282700204,-2.2601807925538595,-5.453814373605741,3.0465451029168227,2.480474886769433,6.081430119415598,-7.40417946590202,-0.565638191581841,-5.877518732901012,2.4481121185439307,-12.421213430674127,-1.66510727619222,2.4345277371781595,3.8280787418943447,4.390032450649164,-6.546520980430643,12.226948646788506,-0.7972893220164063,-0.272558800996211,-2.45570061957847,1.0167613438813614,9.443265263980138,5.79495334141245,2.2545287189408842,3.090881509457866,4.931182185244954,1.6075960031887306,-1.2343403961469144,-3.805016088426111,-4.351851025508594,2.139788131011094,-4.193283156058201,-5.548658671800454,-0.10986286926087373,-4.774494740031337,-2.2270015237135268,-2.8790262155179818,3.6563340252262924,3.8722306343797017,-2.5256608040498647,1.6871900908345199,8.643238562787124,6.9806685937435695,1.2362381182060007,2014-03-01
17.819582182950832,-28.780183611591777,6.170503754753989,31.007250209330568,31.575674540091995,26.438088348044406,-20.76454083832109,-19.557815378064408,-1.5889539559892891,15.599039794377402,14.488890074116947,-6.331126923488796,1.091465583331541,7.0517762910826995,24.06664425794251,-4.293143171662738,-4.763576786742528,0.8185689898556189,7.539519321377117,-10.888203128432544,17.43091827097284,-0.030135687766863012,17.592937091621316,7.24979861939929,9.802957564861607,-8.346367281433086,-1.9272568548576963,2.9433183982174564,-9.887762783752722,1.9529295776066138,2.4818086316457646,-1.1632509527405266,8.01959764346638,16.464069222517068,-8.215911130126083,-0.39995406931371846,-0.7607200449963831,6.1456279966646,-3.7148902237497623,-4.172522496334664,-5.1134962568010085,5.99868587455715,-4.832298077969406,-4.100944936197217,5.659313000907956,-0.3901059236045987,-1.886866627027677,-0.4277845090226549,0.47382359312206945,0.3674441705786905,4.679258838132813,3.610470063090494,-2.824447721111578,3.6745346467943865,1.5200979936943948,1.5681676877370596,0.54731352546354,0.3583177457697235,-0.3383515984191513,-1.0286129592132216,-1.7062189939144374,-1.9670696885928185,1.2264148649508324,-0.33096133103745995,1.4920429098150993,-1.4469498231567794,2014-04-01
23.654346684323457,-26.918940672461346,0.21135207570809691,36.05218781684754,14.136438214873767,30.83706959571041,19.41163814427161,-12.917769595360186,-13.050280996887821,15.141152068922645,13.376462579299233,-8.59626568934671,-10.671376799496509,4.487836267711845,14.395433625589494,-1.622518272535885,-1.9390078995255435,5.128022278155471,1.9200257558687708,-6.093661994300123,3.9315357805566036,-3.738012655913151,10.523372195247674,-1.01112618595146,3.3097997634325513,-4.565311540234483,-7.020853019212667,-12.372923252900138,1.425018221679725,1.5364098193820928,0.9311237742351475,2.9615103562785605,4.709698295048157,-11.312131121006594,3.7800899295351433,5.314785274642981,-1.4996369030543841,-5.132786619892126,-5.861881305338306,-0.05656104537007482,-0.4274711948103177,-3.2986204991968644,2.1925495317315598,-7.057319680711295,-5.908017541374151,0.049108584743692715,5.579657578577417,-3.6671464500052573,1.5898771894641996,-2.253006551261674,-12.747570739319256,-3.105076713481608,9.582106754123018,-6.811736428964429,1.231423143485802,-1.4782714771853873,-1.5122914351175007,1.486889336070551,0.3783059156298971,-4.1146589758211025,1.326250608955746,4.427672835152362,-2.5235223570195915,-1.2520323718440718,-8.228133047591022,1.2931909977759712,2014-05-01
29.887131666097147,-25.532305880162237,0.6880467338288195,47.50232671259719,-10.681768446489269,24.062640853317916,-14.375502092996145,-29.924552351766575,4.877271828771059,4.68564682790838,8.744423806627019,-11.909571488318525,-22.294762324901306,1.1113830551941772,6.743767951814836,6.934460618948682,4.904753971721685,8.109177225554571,-6.339056252390808,4.094064262626017,-3.66240502868173,-1.4639617149417279,12.8160592382215,-8.841722881285898,0.6467398175825301,2.0580711701903875,-5.317650420406138,0.15434406240563286,3.550920907864327,-3.1350709627964286,0.2609432766030078,-12.601779857444193,-6.122426173154989,-14.624951820514214,10.168719537086597,-4.766000915224031,-6.899851110140995,-0.8828645551319986,-4.998295926629497,0.9081094638752916,5.304183734796912,-4.218889037553322,1.8179867079544199,-3.5604266156004263,-2.9134849786562773,-1.0430562923963878,-5.0743555282606865,-0.8843385371430206,-2.73323964982321,-3.1406116017938253,10.901532086841188,-0.6463267127988086,-5.606481283136178,3.440648436685362,-1.4135351835076984,3.7784774546096473,4.323194194824106,-2.217136775275971,-0.9911063471702701,3.2500742373784575,-2.9134139176036764,-2.0286393385232424,1.3699535195038064,0.6495210269799998,5.775740907586403,-1.632892819087544,2014-06-01
23.94678844065665,-25.92711288133646,-7.8749117864380755,51.06551341354813,-28.725764067163606,28.20260558574706,27.384785315855257,-19.185397704909615,13.416948501864562,-15.786022706096714,3.4143631230245592,-13.298852909207213,-4.236967167996199,-1.502889650266386,4.047722596038134,12.763677134939924,5.84655237677174,-8.509187963189833,4.004350984138598,-8.777726029925796,-8.51583354280276,-3.9394508924922507,3.3575303586282836,0.5685634038579518,1.7019455996982962,6.2317305634370515,2.593570829235877,6.72601854394403,12.523223768075777,-8.010010930124775,14.79765977652075,-4.223592699380299,0.3571167841026758,-1.1149052181886945,-6.266913626288881,0.10468057550948935,3.5564587932818803,-0.5882334863394851,3.7302977293332207,0.24304598529609303,-0.23166803856690268,6.0702585801893205,-1.012192167628377,8.840706744891381,1.441165173909609,5.507433305062288,-6.942860562738929,5.963583373955766,5.0844767626375384,10.292888065050622,-4.104970680767077,1.8094257094003017,-5.563004029659823,0.6570073442285053,-3.9147619495565174,-3.110606748603456,-2.1293613365504047,-0.6281065271207618,2.606456178669059,-1.545557368991539,-2.6053029535693257,3.80916859716288,0.2984492214460057,-1.149973346025255,-6.823545388725855,0.8533286841894477,2014-07-01
26.39814161786889,-17.36433524250368,-3.743293285515408,53.571669854436934,-21.489879425897904,17.068685417199028,-10.294819145504796,-30.158092071384633,11.75835227818514,-21.358931330778795,2.2833114435396524,-16.234419877813785,8.938990102933486,1.0977048672615446,-3.76892930473542,17.510321876586723,1.074716072934245,-7.36335355874057,-0.760713024711443,1.5792539966073595,5.324732536706837,-3.4503350553610446,-10.198797828324834,-0.8810629836715225,6.051720807484475,-1.43054959919501,-2.1186272604869814,-9.894911405687232,11.501499482074438,2.057240227319894,2.410630615708283,-2.491251003129026,-0.04470209524852788,5.357933259494571,-1.4920350544685619,0.9591226551781049,1.802159152007384,4.525373546823201,2.6872858888442406,-1.4884994829661633,0.5857384674991785,-4.407405974484376,-0.6336297624101833,6.151470773471592,1.1935460317863766,-2.320270705602581,7.872278796789766,-7.268258341603481,-4.296574105433415,-1.0807886332032592,-3.5968410044417873,-2.56931353506286,1.8901358108992385,2.2587617778081133,9.611793309856958,-4.479337087521582,-1.0101143961988646,7.69412036548714,1.1796304095799441,1.327692437013823,5.80005393609904,-4.699425233130987,-4.013142128602776,-0.5946034536592768,9.862572374270622,0.47230162365695705,2014-08-01
27.714764935622483,-8.678808060642764,-5.809678151908276,46.83991239874751,5.3421165386152225,16.81620587881364,23.33884791428966,-16.00296473742142,-19.87914530694147,-11.32056793315092,5.529162685294872,-20.908246798587115,10.821625137909228,-3.6804088417889282,-5.915847245566636,11.44478890331943,6.6490866455775794,1.9339716466619277,-10.154980927673547,9.178997837573947,4.181549065535393,-0.23980159701444564,-13.411949252330395,-6.213980876516302,3.435233465068781,0.5949761532130114,2.933691433171589,2.8777460169436484,3.166312973413325,0.7443972635542511,0.797796958593919,6.521229457129632,4.8905405553831045,5.993118172794041,-1.1524456104720877,-0.6253847988859205,5.793700913881901,3.0727328863116607,6.928603728166068,-0.9760222253536408,-6.890638312162471,1.9577800801582086,3.0013372044243307,-2.8368063332223845,-4.876623015454597,-1.085853600347446,3.307287050316112,0.4696547036516634,-3.757277792499255,-11.006790049979369,9.460448062405723,1.6409217177661077,4.746670925227099,-0.9425802517383413,-5.930731724725678,7.49221911239858,3.1943104863148375,-3.5070068457879184,-4.939934441020235,-1.549588774187357,0.22950793542510783,5.34940911813375,4.330796732221296,3.865877929038424,-6.20244442859512,-2.7096807831791674,2014-09-01
30.326638530889102,0.3426136893688336,-4.038900963210085,45.53859609527195,18.27289021138256,3.0768181038324665,-15.62348168280961,-20.51335008322879,-19.92128897227502,-10.062212035879645,3.317388108251012,-20.847547490401993,9.337417037734694,1.1919975013266515,-11.210258587636863,14.075119410607634,3.8213322406999852,6.459300604984635,-3.645344552039457,-1.462017894463461,-8.824326828738053,4.837608929193263,-1.5011020201773932,12.11175383735792,-8.0659938519184209,3.6560295136748127,7.5883357680491255,6.954401554856858,-3.9532604772033024,0.9736955279051679,-5.308769536074816,7.152327018171497,1.038727363208947,4.385625919168234,-0.500508232103984,-1.9522468926601375,-2.7282476164392913,-7.0866967994977905,-2.325267968243701,7.69768088178025,2.584255267157562,0.6443755994327178,-2.1378507774777527,-10.889290390085208,0.9267084631700333,-1.355481661015154,-1.3654461070354593,4.756806912464916,0.7541270686089377,6.985485783693178,-4.305326094513821,-0.29704145579619695,2.377730390253322,-9.082295137194528,0.3382204341723727,4.537792370472067,-0.07676305404400831,-6.983352278660754,2.059968921106397,2.583476712020842,-1.0288573822801583,-8.627750234066939,-2.33060711513085,-6.301861608551055,3.93243744309321,1.880187892488304,2014-10-01
32.33061467282439,3.0615276872320494,-7.437814536703207,35.62386448863395,35.36168257677933,-0.2491088538510673,20.115745667415332,-1.2172281569617556,-22.03411343060935,-20.741247345287203,2.094806302157931,-18.64394981485073,-3.9438209388110277,1.069037472546492,-17.0342839690162,8.509813605169988,1.9742080069339116,2.159699489669743,3.376044380606488,-9.159981087765553,-9.160972657554554,3.4661917362058365,-4.8649003011457985,-0.8031143544028613,-5.6423002345571,-4.586604192778383,-4.42212732576564,-4.323430067477792,-16.157396260970902,6.152190010770005,-11.476817423093747,2.822344886983904,-7.046690718960582,2.2441281734180367,1.3012257467270034,-4.10838353209966,-7.288284894618835,0.7638712685315746,-2.8452229419051065,-0.5128968382809925,5.922123926484401,-1.8900995242384973,-0.5735413661344564,0.8329058665536063,8.272341901719821,0.5289801481099292,-0.6135351430102254,-2.8297398473492055,10.39013072645374,-2.3746943859943985,1.7463923382760063,-1.59938956795007,-4.148237910406296,7.246102762712377,-0.8515626313878693,-7.8367596508297845,-3.256873720351484,6.510708796594789,1.1290971536180585,-2.7307348364290585,-1.1977704721585785,4.578236232650113,3.3896789444575255,2.991353039550832,-3.5940504847943355,-0.680015681063803,2014-11-01
32.171337427958974,16.279918083147166,-8.363407196953725,33.729255900688784,37.96388346517565,-21.61072809659525,-16.784222492328045,-4.643092814831059,-5.090245223105957,-21.868004803772816,-8.97191744794665,-9.929684010631359,-18.069103429502498,0.134182479527922,-17.463919791709728,-3.4182259152852117,-2.8619517577679647,-16.33068187839214,1.416707460813237,4.615007734103784,11.846129905617232,9.278705084119226,4.475186063939035,3.321809742058222,-11.145303554262686,-0.7750047576201207,-1.1788145454596326,1.7720539361041798,-11.798706496694694,4.774633770688466,-0.8275210558653248,0.32488224982788344,2.014553328416396,-7.010432550556722,6.038561448583636,6.371741091191679,7.917112881642091,2.322808167075477,-2.323621187612089,-7.7337546550670195,-5.006557209259626,5.2065608034126365,2.3290804399434957,4.567325970044936,-7.94661982594866,6.187475871862792,-6.665420880252187,2.5778717987516124,-10.25158464980805,2.7275014248152285,-3.955502447555961,8.009112498053682,0.7492144037438014,2.925011525203163,2.6508715038287285,0.1260693866003871,0.7839586722393823,0.6756660415536058,-1.0069015565891342,2.8828701494845315,1.7167133806165704,2.359766977245556,-3.6827585663229625,0.5375033852953254,0.40348446246888037,1.8173716372699404,2014-12-01
15.87164349024519,11.000990135143173,-23.13779423274335,16.831417433202283,34.39267259856696,-20.581048356162857,27.49076731552648,7.555937458345317,30.5800628733103,-8.332733280896015,-18.173140159739074,-12.249540782139908,-4.067708567008533,6.661717773424714,-21.12397286598234,-12.290617816708329,-5.144762941842747,9.754260365571636,1.6673576846486395,0.12830922608831855,8.661792783791878,8.059233477412118,5.322079546563497,3.6489863054086342,-3.014886689358612,-1.9527626689045217,-1.1490933094984241,1.8872304984254016,-1.622530679679075,-10.63868344260345,-0.8134332900200575,-11.643845426937562,6.036165255455297,-2.6610765313732343,-4.856423922992497,4.894440066803117,5.967832528098224,1.8046904539305906,1.488521568913731,-2.4199461660679797,-0.19873824984895866,-0.9220826375701889,-0.62631133596015,4.803501911608784,-0.9930586699970078,-6.962680960181676,7.125467329398121,-6.913450520756383,3.9131412204674247,-0.16143802418656272,-0.18013270656485164,-8.180981718609633,-2.8933883928389244,-3.960963751772155,-5.747329875264974,-0.6299001142362984,3.838424816465737,-4.592286692416263,2.165550536766856,-5.943418372442093,-2.3744648985892947,-6.607125520286059,0.16663898523266,-1.2204456986379775,-0.08399765458716814,-6.325418154643824,2015-01-01
19.73905034639763,17.71946692189414,-16.843038619163902,17.743233312803742,38.71519874088196,-26.734908470964516,-10.554758867178194,-7.3905318572018075,30.549001068992325,3.851887893252944,-19.367956723227866,-11.326879512669624,9.247863841993901,1.6502692571209163,-15.113181017705207,-20.01734339278029,-2.219378378033159,-1.8016793397001152,-2.798991619987384,-8.26117077818066,-6.314451315251437,-4.935050294878173,1.1095230362693391,-8.83735997715842,-1.9347207710603864,-9.72207762105857,-4.9522548258374455,-1.6522371245852965,6.448683185236469,-5.932099599952118,5.63871870547225,-5.515629393250865,3.4304117924006925,3.3277526092734826,-2.524730262437963,2.3933572433857573,-3.5214224540489347,-0.6732425607433676,-4.382087775023543,5.30646681857181,-2.1362509605308997,-1.7026065030119593,-1.66567582158442,-2.2687517524477885,0.38713786466827343,0.6208816312287265,4.516052282399736,9.45906097172399,3.734856115675517,-4.806956907655957,0.8223695178652363,-0.4919038542597382,0.8947846539829863,0.15287438645124277,4.530548151119261,4.31921275400379,-4.6616331077144855,0.8698722406893309,-3.8065678597275374,7.7612167679293655,-1.8444484019571485,4.2182027016287655,3.942845294708855,0.7481309954079017,0.5947983732560221,11.741176021655034,2015-02-01
25.55658293469524,22.35978723836671,-20.237218296623602,19.638494456158117,34.64002356401313,-19.5078734311847,23.924056018266686,-2.579574272259609,10.122989915156603,19.07215121491445,-13.987680206975085,-7.616085356803754,3.3441953565173375,-8.749341404569254,-6.288885875873378,-21.61811035611196,3.429974005780652,-11.556827082036422,-6.1604696285176805,1.3752656078786125,1.9512057328097865,-4.505704520735466,2.509695270969309,-3.5191143512915746,2.8927101592608864,-0.037530968028856825,4.613721348208638,5.226102525926297,7.5139693323372745,0.10142821123882188,2.88938833804247,1.9377510568228165,-11.86611287889371,0.6368704611276996,-2.0985781501183265,-4.830598738805417,-2.1852456104213953,0.47907345336909485,4.180013841802713,6.017160528815103,2.2409129240752685,-2.3352436126811544,-4.1481638705952575,-7.062059770707155,5.554684061476388,0.5797570252372827,-10.504514499797132,-1.4993583941992448,-1.806859282899859,-2.4127012962266567,0.7648722400245215,4.9799839044174625,6.747502479378351,-0.7763237530358639,3.6244390626212866,-0.11351933013221019,0.04617984697970412,3.9264302734959227,1.2372776506072376,-8.14972723211024,-1.1415089201732826,3.7066489355455867,-9.339777986516488,-1.66808823940946,2.4880968072951566,-8.123488535188141,2015-03-01
29.6523579937103,34.03054010557102,-14.718905703196452,27.298989999540243,23.257073477335595,-26.245065340848516,-12.047187851567925,-16.095773176035443,2.1713722612427184,21.213460562496117,-14.753336859366083,-2.679280280606772,2.189430436171494,-6.211198589218835,-6.244388367078595,-13.168962341052335,-1.633666950967046,-0.44830490643300297,11.143707718700073,-1.826835537975238,4.208482767414103,-5.520179417408129,1.2372234079934283,5.60379509472286,9.26700869503111,2.4720654819392713,8.129213557675191,-2.999886735222725,5.494483111255711,0.33450229990587954,0.23651220656380284,7.4844472967393365,-2.5309351470739507,-0.772430456954504,1.3075763396970612,-10.341612758828667,-5.590466920279441,-3.8628331192786263,2.1441189017276097,-6.061320080181323,4.607383142468023,-3.2413220653134616,1.6292343173193515,-1.3706340122572598,-0.5555548098709174,3.1177120169209083,3.1165201816551336,-2.8990044458486564,-8.104541217164828,8.748685002451584,3.220943429943903,-3.1021769343283245,-1.0344112073055758,1.8440892805868847,-5.8013582345496735,-2.263914345626271,2.825420133747933,0.11354989311999418,5.274715296828238,5.882268156168672,11.98198966719725,-1.69767170798795,7.0850196081888335,1.7056639656014352,-6.50740914730383,-0.039189684668290654,2015-04-01
36.95090794694932,32.139310677228515,-18.726954363996473,31.086497679363276,6.42325561118268,-18.09828011483837,25.1681507765016,-8.39412330447808,-7.309209507140265,21.19504974866903,-10.839689098442976,1.7988895462579522,-9.537956813084833,-9.45902054451551,0.5383893929918683,-9.474448569597449,-4.110078117752453,8.07621026452909,6.807729370558826,5.474918676724876,-6.332403992776228,-11.712147196671369,-4.404096449900054,2.425064105486198,8.668422809398697,1.0677038113196755,0.8142954214593022,-11.258233307609267,7.185270262041265,8.745097606093129,-5.088786848624343,14.132530175631373,5.271199377998036,1.190079675789169,4.745814667748219,4.5361792986745115,-2.8994137681696266,1.674957568786618,0.7009593660434112,-2.663177466699335,-0.6733604250359098,0.49063313868014635,2.8547803238524874,9.512289533858935,0.31916113120484735,4.736573803175772,-0.27349812293521814,-4.074516092095322,3.3579641278510377,0.8898647883761546,-1.4102945210249498,6.734421514484987,-4.456224429382145,1.4217404032441072,-2.1391096375445424,-0.41130619279860464,-0.4737835897700482,-7.353807841745675,-6.648951304142515,-1.348395193186184,-10.830327457543309,-4.655059323607696,-1.1918974245247769,-1.3246725414355078,5.036637251901776,2.3558609862723627,2015-05-01
41.034164896649216,32.9389672706854,-17.326188843073396,40.38609264214318,-20.182549205273425,-21.78264873925372,-9.893494281935029,-21.819201850958947,7.23224433706265,15.705605086330271,-13.488174919319986,10.631237348216352,-19.97939289517218,-12.960421297451006,7.551164454935243,-1.9608199577789807,-1.4220402671435775,6.437510947898354,-3.1986957480792544,19.578144209782312,-8.296312981428335,-5.13405946885264,-0.083791849946,0.44927552027798434,1.4266310284121069,6.633525860944158,4.901569690565277,4.608008879440006,-1.1766817326284302,8.982251088502016,-6.136020900286324,-0.869590854966733,3.4519040034531336,4.888563911479768,2.175023448320666,4.781166423547311,3.8871030135991274,3.711889716125934,-5.761777041826524,-0.3960915031539631,-1.4703386152591231,9.576850743498362,2.49260033934865,2.4046372569448553,3.892139770585628,-11.654017933011971,-1.8645877077315272,9.301547236617688,3.3541851401340987,-4.659187234354881,-1.9191991234473667,-7.037285017863128,-3.5200240058194545,-5.602134905207137,4.361557893825246,-0.7425289667877369,0.5015400500767213,5.099998531148863,6.490406744740487,0.23046031569465628,4.018412000608951,2.780032230289822,-0.10216963429368356,1.8736600182270233,-1.949721686354905,-1.4011300945822618,2015-06-01
36.217428956897535,35.13497549235805,-22.57597572169883,41.20893142723516,-36.21591008229851,-17.1077010029584,29.514926738463707,-5.338329409996957,14.892246256446267,-5.536621086312939,-14.460444653193969,14.656185772090843,0.654693685194245,-7.995382634577979,14.329477464690514,0.016427569505956703,-8.330970380923555,-7.39129254204329,15.072904732352532,-0.30384015533497877,-8.79884028506561,-1.0862176046864866,0.018279494850444677,5.994978477640806,-3.822839677818374,12.816415850251515,-5.353548038789569,10.405268213788023,-9.35703729088996,5.277407286560629,0.27215605216187794,-3.1639160568230076,4.118711798891249,-2.947546270129747,0.34345731060784473,-0.1763560074610153,1.5913058747140383,-3.9029597490086876,2.961574995901903,5.190414609520354,0.9339569860712703,1.1581273551811562,-10.206791138917875,-4.262236423682329,-7.50803832093931,-0.5293949164026153,4.401596832558501,-4.24930402344051,-2.9277627074198107,-1.0140618177185627,3.625942702792379,-1.5342070606613691,7.181538211780001,7.398424192730628,-3.3805992185311893,2.177165750564599,-6.097432844898938,5.751073687427002,-4.008845916548918,-4.008693972445391,-0.38907249732866833,-2.004860577667023,4.743920977103427,-4.612724573717356,2.2809748266616046,2.9267775008068293,2015-07-01
38.18707399014566,45.638808923984804,-18.93244422023477,43.95015184658971,-31.530685135095236,-28.29416274489945,-9.40038751821515,-13.433799047542179,9.980375620861114,-8.94303677237714,-13.909365588164071,16.815473626291688,15.580732479620755,-3.4953925696524495,11.756137822703048,4.145174555115602,-7.537823943086714,-0.6249862444952247,6.5632783123420895,4.985535413881265,6.970901567930339,0.08476945404804054,-6.462580882468583,-2.598192498963019,-3.8942339779463673,6.254609147002861,-12.216569794471326,-6.034923228168229,-8.578045209405296,3.7413321125825125,4.890615101536383,-7.5706078498614,-5.6848090580138715,5.232822489815541,-3.934865837555318,1.5798894538689385,3.2063572306321304,-4.768528242565506,-1.7593319892440589,2.3427405148395923,-1.5377396856120642,-12.31903472035487,1.0964896738684928,-4.014803967540672,0.3425696795663742,1.310869306280079,-3.3799673063420625,-0.3295575298264455,5.821527335912283,2.2435973077485336,0.34429512553678493,5.139466317106589,0.2875645335626286,-4.258142522094023,4.104752911118631,-6.722343592172092,7.010418831474541,-9.990350959756192,-1.5597108577023278,4.009529472399099,-0.5053955402892388,1.5878560093054246,-0.7644185226392773,5.916545384827376,-3.6366914482488806,-2.944454405707671,2015-08-01
35.94378520608249,51.95683021518039,-21.90293821594286,31.99509169196399,-6.040128590061535,-27.76993538964498,23.292573268321,2.9842613988951032,-18.293509751645995,-0.1509185410841398,-6.845338867680134,16.637937681243965,16.168898738053375,-8.897379952712003,10.678356748317627,1.8934536055801285,3.06866277026814,5.987771382793883,-8.596509634973126,8.065274892139184,5.20734712746169,5.339814663906342,-3.721614122649344,-5.685954778359653,-1.1008358247437977,1.233957208190007,-5.105976315851669,-4.504671312877867,-9.068364779306032,-12.752973316242963,6.374615266548732,1.5884537195821644,-0.0639153702198969,-4.2701345480329245,-5.339680450910737,-4.207083235878672,-3.112924057147027,3.22961593993793,-0.6092578253152717,-4.006398154104108,-2.578375647936732,4.381499950186107,12.950832827965698,-8.713406165454662,4.7052333375844295,6.5536067983009625,3.8016506323055244,-0.8956538329392572,-2.2217238691594394,3.10383874715473,-3.6711060821171,-3.971167343941367,-9.869972308818085,1.3141340233219347,-3.8815218079362954,5.933711042667333,-3.8620583357359513,5.369352540781352,0.4615427297614868,-0.8520051804204642,-0.055525230105390684,0.8590615957384128,-5.995044119516727,-1.7280511007361457,3.5670868956659962,2.2950035662001715,2015-09-01
41.1651412497648,57.078439737086946,-18.330572983788556,26.554541987429765,4.8362384508075635,-35.94534077188549,-16.623329118126275,-2.404545610069623,-17.077601421108543,-0.3609341386141036,-4.5335139380957985,16.99348185962256,14.241781676808477,-0.6409533499740345,10.960575219100896,11.456836384907803,3.5804795610525555,9.692853614288861,-10.25379638387832,-7.990659333179062,-5.900295394863143,3.036552802151184,4.849279384730336,9.735789273973106,-3.120339322525711,-5.425374895954531,8.12672783821096,0.9307435051726634,-1.4840416330414272,-14.776812477608459,0.625320212006884,4.8618553382752205,-1.0970374730451924,-11.432111677105354,-2.6928275364875414,4.3591283269490635,-10.886928067076738,2.408483157452942,-0.4894485107593762,-0.776250139278764,-5.64415555937148,1.485361450839823,-4.125543787360375,11.767313489704726,0.3478556559141242,-4.0979217121296285,0.9307076241025046,-1.2056515782481834,-4.1273584127207945,-2.0368531093468336,6.241329931087296,3.230904798339364,7.629685170947015,0.19386138966653446,7.312104321473003,-2.877967023781181,-2.7020537723743168,-2.0316483064167827,4.512867649055431,-1.5733520532923158,-2.926109570709683,-0.5006965305322448,0.8613807989477986,4.253597680075937,-2.3326908827155175,-0.6492722443327227,2015-10-01
42.84922568066875,59.41512271358767,-21.215194635602373,14.930685283791135,20.44511930818847,-34.684173632551236,17.226157079589733,18.299155427662434,-20.791741181214647,-9.527148182870931,-2.0950251397520274,19.597469025691797,-1.9852936673639296,1.305027245551069,10.023897042020671,10.17912585025744,2.2113805780958726,5.783751999898696,-6.848725261566192,-14.386590608435759,-8.671619440475526,2.4613310119369243,1.8407377274178631,-5.898551112602668,1.7205398173319242,-10.432280897286764,0.5845238530711812,-3.5434553856037754,3.8104943828243156,3.672931914161453,0.9123087468402297,-8.718316305115833,-4.566212841306901,7.200929053256709,-1.0935092020867054,-2.714535291411993,3.024203433722072,0.16827235423617073,-0.8847328905255867,-3.5466166838056203,9.103613615798984,4.830582459466413,-3.5923098089439036,5.3506211323589365,1.8431799965434517,-2.1234753562579916,-5.723271381259797,0.007277392319081307,-4.625074613193256,-5.820814546139938,-10.132067201577405,-1.7512489081666387,3.7753232908584624,2.4671680730239225,-4.422991429762407,3.4626108195798495,8.452080685474819,-2.483753145894861,-6.121121661531421,4.8871515409682695,4.114409839960546,0.03626175635206759,1.8967989107067216,-7.380041100623804,0.4406465350493228,-1.8723859114566024,2015-11-01
42.352086670964056,63.608064289348086,-18.868739454898577,12.942022764839999,21.971399140495592,-43.10290946050821,-20.426523864711406,11.30683854414146,-8.147100084614333,-11.837719821972325,-1.9015324930949151,22.461227669395356,-15.009311124565837,3.6481941962838023,10.214232777650512,12.934425881050155,3.100513598643825,-9.407902808782973,-9.063009569027395,-11.443981632357968,8.205514200361536,7.0971271630157,0.7119438343316453,-2.7700398499647774,5.558964665152284,-10.996372364855038,7.142685590612523,4.488788566968266,13.235064915611852,1.9626500931025388,-6.249491732482567,0.9755520917927869,4.427323964544068,2.108486484735538,10.700861477259291,-0.539744159411936,10.394415017800632,1.3381471396094091,4.008857813009197,4.233149541698526,1.5429933234023039,-5.54321832057165,-0.37915178061702337,-7.301274445115419,-6.465674546795228,4.8894194114289755,3.6510044601732194,0.7808326507128579,8.75738521796313,3.9776514055521255,4.90415871767468,0.6206620476088148,-4.36524156448468,-3.6753629105824133,-1.5284015000522893,-2.3625107399540957,-4.354262944959734,3.4886944613641333,1.6379516071810296,-3.3981159654071997,-1.2879755613558133,-0.7378515374424219,0.6484343539740606,2.5217160769237186,0.697841875215902,0.011569052593195222,2015-12-01
25.83033402079929,65.11105215732692,-28.759721359610758,-20.397507994996573,13.183083279454126,-23.025777403366998,20.421156130580258,26.31002141936857,26.14317994795192,-1.5432170703584327,7.804533153732916,-1.8555314803092333,-0.5689637589458149,24.19655820941658,-0.9945838440415575,15.584616172600786,7.485496761497834,12.976136657905082,1.1338563037706872,0.6504660280441572,17.08607511221986,1.5842820596558906,3.298987775325878,-1.7353694396992867,2.3505669733975085,9.447062338675826,-11.152940738071107,9.982557914578864,10.409762067077018,11.424005853493108,-8.365700049057693,1.4181669567297543,2.845846320723139,-3.0918649390404216,-0.7687826230310721,-5.90392357592402,-3.4274417129952917,-13.61839446371965,3.03758692541488,-1.6303048833748883,-5.1398799030895335,1.6025622989781685,3.5924899864097,1.9673428838789404,8.997044292217309,-4.714585654105346,0.582213508178503,0.30064201753560177,-3.13640641091555,0.929244210026325,-0.18718325929812044,1.9712016714283203,0.16229104839444577,4.082547647376489,4.1232950089060205,2.328841587372586,-2.600468786469358,-1.8491368602095073,1.9481618082577519,1.4203937485313254,-1.1483020456726851,3.1826536946362958,-2.0404307224518705,-1.1938039062998294,-1.5798173015585393,2.5149105455333,2016-01-01
28.762925181503366,72.26668627972651,-24.377591067798107,-25.537908854068885,14.113734906822051,-23.928653928037775,-20.783599479933557,15.75703416334629,26.385007807335633,13.514653347639571,12.232128733765604,-6.2738829973634616,9.493536707292227,21.630463356406974,-2.2057335316328435,10.488367829945561,12.437757653252074,-4.367919823116112,-3.7900452083573035,-1.6163905718324536,-4.068937549967308,-8.727056613079709,1.946116232661575,-4.498592358106567,-5.547803350374136,7.5436359499569186,-9.79426192185359,0.4366164480399318,0.06630717710178062,4.897377676977559,5.476217451665047,8.365771390956077,1.1203130086824225,0.4020731789043462,-2.05645603755923,6.410789138865522,-7.485636021309732,10.250895114091806,-6.277459775320327,4.950324683035158,-5.255805735657865,2.9500336181157416,2.0182441864767946,-0.20712611570867917,-4.813597897308455,4.077555360227574,-8.116657542215586,-2.4565335202388745,-0.531986687162199,1.2746552210218527,-1.0464161405600387,-4.730076251789378,1.3073094524517268,-6.506715350293266,-7.539633511794194,-4.664131576356042,2.7505104459053817,6.179635840089245,-4.319287663245351,-1.261971005447418,1.787657907656945,-3.6389393874139255,5.163140338970673,3.0652085970896352,2.848139278930936,-3.117412964004091,2016-02-01
35.010676672902136,74.11522365444884,-26.16775949998472,-27.08066057540753,8.943915826178307,-11.192119051670465,15.13757187330005,15.839885119620455,10.096971882393337,26.746998263325807,19.029383073153074,-6.96891350104842,3.6861592420583147,7.809928221251865,1.6292002362117952,9.247596898550306,17.86389319360899,-18.906022309496354,-2.3584035484847297,7.402631950318367,-1.0687386766968532,-7.362297917749756,2.589862682744976,2.4329913877541602,0.41138961712141814,7.382448965420274,5.091461247947963,1.0929785756957746,-7.385057043863374,-1.4730257026691134,3.0039513390158263,-0.25835739800469626,-5.011181983745624,0.78680390836206,2.7116196094770055,8.426159712206932,0.6043237249743988,10.934860235729731,0.48722205608342156,-6.1735133367094495,10.23146408227653,-4.749725255898242,-0.8725922328689443,-1.411701276300301,-3.072004414383486,-1.5312884885955327,7.215080443600914,-0.10122305737792546,8.327576269313395,-0.8495899669902998,-0.6454780367230186,3.0660366866204116,-0.50094113928838,7.302483893746759,4.67948538987175,7.183261424714425,2.417443846693524,-6.634132177207029,5.810919132373133,-0.16885221118517912,2.6266358744781244,-0.525282082803292,-1.5924049134234841,-3.1764241264596964,-2.6738076263312607,3.434803042630209,2016-03-01
41.499236063320005,84.00415206593851,-18.798720762035668,-20.94956611791352,0.5104672216412879,-13.442520041473891,-21.802878376683733,1.389379751058476,2.4295503738762454,25.694454503312862,19.372406297274964,-8.007044133518262,4.632331590634155,8.623756915421449,-3.2477471308039805,8.785401016775936,5.397351535494233,-2.302437370722442,16.976466920203617,3.9160904022429652,-0.4225777370635331,-3.5529912264409966,-2.2119808173978788,0.059740663855633376,0.8141462476229281,0.45973146974978224,8.82187188544116,-4.281588322417478,-8.661337968900233,-5.328320026233995,3.0395171022510916,-2.6313310148486084,1.786703041067535,0.0026536500645062172,-0.12510196042049282,-11.457920293829957,5.8999312909987855,-6.665545213250089,-0.10851776369369437,-4.361384663488187,8.763620828397427,1.3444320481107754,-4.765796406893154,3.910450236950054,-3.5749293726097706,-0.4392645492932748,6.091141423696707,5.468922203708722,-5.552662831746043,-2.2634300484343237,2.3181045498771233,-3.0619880188087625,-3.1074809270328556,-7.733049502400444,1.2931940097170245,-4.702849380347237,-4.084057144610217,3.1632205682352845,-8.48232603318227,2.4056756369064916,-7.90758876223052,5.3022943702275045,-5.139861524957212,-0.48970863517121777,-0.08115554736881218,-4.595360573212477,2016-04-01
46.184940582469,87.00228869420856,-20.76955851431444,-16.76167097156124,-15.800768084060843,-6.434464240913482,15.041198068102641,10.069921284132912,-10.843673333144897,28.99338036493404,22.148785212718547,-8.093605098024838,-5.30218076275753,6.577901462185695,-1.337352271568887,4.8781529469430875,-0.915887500079613,-1.4871786485149134,14.068140300209654,5.401447264293524,-5.975279380217388,-3.5489651334532075,-8.181208972492515,-3.221248787619814,-5.763153414608851,-11.740034569115139,4.999982776345366,-12.770848637634886,-2.3274497146790067,-8.444085328071205,-0.5935912838002281,-6.767396425355167,2.5621193761385057,1.7993790421474587,3.6314539158204053,0.949647002914394,10.271526074305125,-7.850156081445702,-0.4319967375187352,10.349712462156553,-11.6837865657025,-2.3021189525675863,-1.4099916114703441,-1.0462300079492846,5.301740898535157,-0.5546724783199768,-8.400248185473169,-0.843916383132682,-5.287046155385075,-1.5210851839457307,-0.577307522353568,1.7398832627514333,-1.59775039464172,4.6680809472770095,-2.004040902640773,0.8826464527587219,-0.26514977412866264,-0.793975625159469,7.499611449919675,-4.573521912859169,3.2825765327177083,-3.8585495425984058,2.9203186474957685,2.1115229666701403,1.410264657622588,3.540233073004092,2016-05-01
50.69337493702069,81.2473746079458,-18.23064809254667,-13.181400763183715,-47.23288265595663,-4.555857462343967,-20.46253200387362,-2.857264669241916,8.358003799031511,17.193606480980144,20.86512250741922,-6.725987069324156,-17.404588026060146,-0.9061135862026523,-5.385770911485605,-2.771309749681912,-6.616794002220313,0.7153463672140558,-4.968589616956845,13.693024308877948,-8.50053579365218,9.7499839628862,-3.6228052464012186,1.5950949214435863,-0.8002303104111185,-11.640959032876923,4.974824245943772,5.653366068268478,3.1184958286976583,-0.2937702897348472,-4.856647289406903,-10.788814379690736,-4.958567307376234,2.384993153197286,-6.1728626095442864,3.777633270998915,-8.609909656227975,-1.4351181402244335,8.041333371133506,-4.824829450953348,-5.640099509452622,9.087829792295867,4.373654617798195,-5.96166270167229,0.5061942979871381,4.629803571749817,3.854816550338509,-8.414956363885102,6.409960360465501,6.872294011209667,-0.6352785966217518,2.074064735044399,7.197339098673519,1.3950444799278432,0.9429138581734949,-2.9910693388515766,-0.21865534656873795,0.0458966765663181,-6.791848361738122,4.04612489495882,0.34174328318675506,1.2986569906257406,0.477886829629309,-0.7897954635675316,-1.3418111533452624,-1.1610381359664976,2016-06-01
47.56769787310341,82.51793073628026,-22.71579100980561,-12.836284782596113,-59.855183420054054,4.603807884215652,19.540926326532045,9.179179542751159,16.80924800425266,-8.956657431700927,17.815932825193805,-5.699385577617975,-2.7942609899999997,-5.360305367655047,-0.857175803257384,-2.3874740314661054,-15.006001986983149,-7.678886111340823,6.595208215288712,-9.361190200980184,-9.963988467299819,7.830798966480277,1.30411639309195,1.5552990749263493,7.362483792313427,-11.40827176290298,-1.3742631773174443,8.654611429565016,-3.013623645313376,3.649920142387996,-7.451733519480572,7.137529288040723,6.969538562536341,-5.159881828698221,-9.255650546828212,-3.2795868880694505,-8.127075867816467,4.3101152861466066,2.4497918700224335,-4.127928605586482,-3.32429096402985,-14.272037945921525,1.5981408047973718,1.7239427174301802,-3.9440912741052134,-0.03257836583791312,-0.4296447596783167,9.563930147490732,-2.310546739577562,-4.140207636406744,-2.0214527138264096,1.3231611016819607,-3.8742722699994903,-3.3302908547551677,-1.8881960691585902,2.929850493387125,6.83303773236297,1.827834424056931,3.6242709877759918,-0.14741424613138673,1.3473334801736176,1.2975953759984888,-3.1119235538302363,-0.09528838162401736,2.843106932849102,-1.0234544741054752,2016-07-01
49.10893898887981,86.84693180024537,-19.036300747383198,-11.04227422771888,-58.091191647955746,-0.7861769026025301,-19.574406859196163,-0.547688302371297,13.244109787194484,-8.768567326195084,17.22976306199846,-7.509986013208169,11.48675542397777,-4.997097940980792,-3.1112000226188368,-6.840907093281433,-18.98886194153328,-5.8116956558872195,-6.134439369393091,2.3207472879367494,9.562012767723072,14.752731006842225,3.120077794163191,4.922122387246255,0.862956399957144,-4.825680656890699,-3.9386701603053997,-6.093666514333421,4.137084006700029,7.24418177785281,4.824650695191308,5.627859973406315,-6.859731159836223,-2.303131461437713,3.175608024818957,0.2629533383444764,3.5545346656704173,5.455661291463426,-3.3562054927607594,5.289188816048705,10.882590887120193,2.373780173821358,3.295897887138824,1.9922978598894285,4.887003995436043,-1.1898185965416903,-5.260080167895402,-0.5408069259483179,-3.7494497664854345,-3.476207557318047,-0.14725363936787228,-4.327439873905254,-1.4746924103872037,0.3801827978446101,1.3582537650336397,4.634556755542002,-11.590543461820806,-3.944339686401194,-1.371466636750729,-1.7820723919765284,-2.4459891378530854,-4.821711550490279,4.271044984658842,-0.7557195458433977,-6.918627510896625,-1.4547072724086068,2016-08-01
51.541337471631834,89.58833288686874,-19.81613404088808,-22.4924062704681,-28.093069081173564,3.9060018933427,13.730293797665496,12.004916453440755,-13.545157571221695,-3.284517284204865,20.622322211089163,-10.486892740998242,8.810384695828736,-10.817016687220596,-3.109669960113058,-11.800378218117745,-10.431640358679326,4.549480516934803,-13.510627359059612,0.47529502944994056,6.3619214221458735,8.357614425846513,2.136629580904685,-8.287864378945352,4.580684617842697,4.1029214372741825,-4.01615192319401,1.0873379865293007,-1.1436311799417014,-2.2715179380995782,6.300000346681254,8.345295753535414,5.523874414849041,-1.1339593459194883,5.4167637465391385,-2.0516158397710176,3.551424824680221,-4.668579866560783,-7.347948695991062,5.867660963544482,5.959304279273001,11.447587425269713,-8.906691874042238,1.9437887256589652,-1.6109156035507715,-0.9517694215388104,5.088896848640941,-1.857410057290949,4.1880179009273055,3.867773668684601,2.8724144229892183,2.5156469924365323,2.0924942238187683,1.2777373684993814,-2.254909160567712,-7.123544720982286,9.012021707850574,-1.3391327267109474,5.133798008853156,1.5912455745544487,1.9063125500901237,5.466522215196861,-1.134580776290637,2.104234450220614,6.964772737947198,3.1571653204612953,2016-09-01
56.051108271245525,94.47942085002452,-13.67519361843847,-26.68140421537504,-15.047177348084638,0.9886130321974375,-26.67232436351403,3.901931608559635,-17.199328424703854,-9.385100965146323,14.747547430927646,-9.601545739170472,8.051142040415067,-10.24089093562246,-2.8961573146796,-12.957468664340176,-6.354337458259608,15.744899065717492,-6.628064412756619,-8.735496736647123,-1.085836799493754,-3.5377664536696085,5.2145292637791645,1.7297352162086908,-3.1697933644392586,18.027109336119896,2.640923325577243,0.496063883232276,1.8183246964681845,-5.281815116940355,1.2205235017861473,-4.348703898368923,-3.164091234663563,5.213943539894008,12.320762878848432,-2.235058663884762,2.954769091070008,-2.461724607972753,-0.9254542035348746,-7.812020130768859,-10.001996446277643,-8.175571378234409,-0.8852511613560049,4.179081536944556,1.5045856008651795,0.3137450215691283,0.38772760346211277,1.022477779203613,6.291737174786999,-0.7188702862082433,-2.2253068426118934,5.795169677065304,-1.13426756442977,-0.4767147091482333,1.4817977456506692,5.1028152510884635,2.0759062326159285,9.915983710481198,-5.315176374162464,-2.418137401387871,1.9668733292486045,-4.704168789417031,0.2353452798218308,-3.160662935043362,-4.195870711182571,-0.9278679723286852,2016-10-01
54.645437871548964,97.11369256957278,-13.910229022754194,-34.95057711469392,2.8008711926187537,8.209506529838325,8.181453786712348,15.81428065019748,-26.30185592300209,-20.69469319856422,13.30801957283217,-4.093974107794886,-6.7446712396245765,-12.122128885236805,0.4627771832161072,-10.413964729257133,0.982384927164553,4.295720168819622,-0.2689811501258398,-13.240206205405315,-0.41660251701778056,-10.983953864428221,-3.4596821241345723,1.9513104250450506,0.008752863574792233,10.497785798746504,-0.5230682663219459,-2.476949827036601,5.0020422669598235,0.5188830253595668,-4.031534116476203,-7.51926353992366,-1.7248323610700222,8.147513715350009,-4.725096521791558,5.766183272722919,-1.206219015529625,2.4712098565580454,-1.1614966453750717,-10.0690979628719,-1.8298042496042781,-1.7986564274703825,1.5437460142671806,-5.421378076397058,-7.213314922484592,-0.5615662634762002,-6.72013463611108,-0.8643045386869231,-5.330884375734643,0.5890503894701736,4.5233857341128845,-10.808338764400638,2.431190651379705,-0.18436301825748877,-0.15398136508033408,-4.513448730657804,-9.221269342227822,-7.545804826946901,5.2963309237005864,1.5069281414593099,-2.1804681380182274,4.271646769995349,-2.3338131843858334,1.15426046969984,4.19788459077513,1.6739717314326976,2016-11-01
56.054577435956084,95.59667482571786,-8.497978500051648,-38.37589990520461,13.31874256399961,9.924417303503908,-28.386031063438054,2.4034453023868956,-8.249559800592614,-31.61563629047286,6.313764993428465,1.470913608964381,-22.484552858680306,-17.550325159450516,5.164347734960811,-6.000709177994358,7.129821377794635,-9.171672073394085,0.5496313226520243,-4.617473429298944,11.910940680273692,-18.863754325640805,-4.827352639074003,0.01463460649087821,-1.0004997032103333,7.247570429767517,2.415114727747955,-2.2281382052041794,-1.986450302001254,-6.01774430640182,-7.59236681926488,-1.758673351992443,6.183949785156812,-7.404678729903957,-13.152670690994963,1.3761098174917274,-2.3776860700806752,0.3582422489214102,3.7038923885834065,14.25941374080811,6.704606151795678,2.9233375872888705,3.2426241488205774,-0.9080893198584777,6.574720878063927,-0.3818394365531691,4.575849052499738,-0.1163528385798997,-2.4876054015725098,-1.8945686792101684,-3.2708431573986356,4.459150333827519,-1.267489391109257,0.10094488695453699,1.1296368984734573,1.2753572182414896,4.327709606165488,0.8551995204692601,-3.2570340218484484,0.3429836330008887,-0.7446032391253055,-2.4854318853479613,2.962085972649154,1.64487775105974,-2.209126399433675,-0.9922217427593301,2016-12-01
45.49962175519461,84.84691233025434,-15.373550028045546,-53.15522618434929,12.680200796120765,33.07872674197275,18.316649211808368,0.8881152455456713,20.504157679920713,-26.877693975876976,-14.081878403912256,0.44634915228140676,-5.157176328935415,-11.373437522462407,7.291781014129551,3.4663644954009825,7.9904494672705955,22.54414566032646,11.358905259012351,7.2108338032262775,9.099744070737488,-10.302811546322838,-4.132641371534079,5.312980543053049,-3.1401367218849776,-18.147810502269557,5.411806580340788,10.626084204671994,-5.312413325495517,4.8565514034971775,12.177117319071725,3.175037646287223,-11.154845262611913,4.3176521682626285,9.748041558593968,1.852273186256566,-5.332063868350472,-0.1285829797934762,-2.8188280801174344,6.49676020064275,-2.590108015427191,-0.3751862534969612,-1.1569629010012477,3.050631721449081,-4.910882282945839,4.848702000764097,2.9928588694274523,-1.0117126422284575,-0.7061838174395328,1.1672753631988568,-0.7036496745208972,-3.4819623516713634,-2.405486848528502,-0.6061151214881167,2.2002091044316803,2.4751032658554926,0.6694732272884043,-0.3641953413189651,-0.01694825680197467,-0.1658979653183043,1.5289890562978679,1.3963685121892866,-1.7376125808297251,-0.022404630551142557,-0.2729949053847715,-0.6680737668580705,2017-01-01
48.74073987204307,88.294525820154945,-6.087024217070836,-53.05885137995315,16.984051987725877,32.534311328791745,-22.48616457688632,-14.547667671364659,17.549834215422614,-10.49493235361963,-18.46336165835429,0.13547358281164945,7.950370065372108,-6.459934054120414,6.949217684803939,-2.4563696013079688,12.58978818823716,5.051597525930795,-0.8203440259525776,-0.046227889770583175,-12.858276789720726,-5.146701567816262,-2.2953805417876056,2.1928773932602112,-5.682426911045064,-10.85068970698078,-9.901660897270116,-3.3320380863834935,-1.11308934499179,5.1050239842147285,5.363477324732007,4.435006768175267,5.329818106506181,-11.114764515660358,-0.5429343869505077,-7.294637818397819,12.99447897390058,3.0735473960919246,6.726899579517129,-13.030459620858124,1.8831763504093209,1.5096092455775887,1.844978157747369,-5.861415120046325,5.663713942413176,-9.113257848932628,-3.005377268190321,-0.1635186370311561,3.7076212080092685,2.6310108517506032,2.424349870422688,5.406341321447548,5.249644048790918,-0.5754823255753683,-3.3800133871773976,-2.342670822656054,-1.1815925554312712,0.40358310986173374,1.9394252117308866,0.25574298569540777,-0.556927939154775,-2.1758450329608583,0.680648417713035,-0.4040216475047408,1.7715102000540404,1.167476924622638,2017-02-01
52.00149498319978,98.91813484682939,-5.239789008779821,-51.19745821860333,12.384740391670334,43.88162924008585,14.451389017086425,-12.617578397383355,-8.099026085159874,4.397667597159128,-25.646886418546416,6.1414653040760765,4.832990469490545,-8.11948049351344,5.633721533059188,-4.113034922883808,23.973449799942472,-17.284317221494554,-6.292977003155393,12.139179645251057,-3.1534452775399604,22.737729354364703,9.259322049026252,10.651286926396402,-6.763557272836507,3.3589820423678303,-5.095927161250437,-10.720719293944992,6.848789305121069,1.041954110683837,-5.300573167629029,-5.799833844284126,8.897786994124017,8.927371396681938,1.8787347117555828,-6.876810153625249,-9.040342312208974,-3.1580942738312956,-0.8115549865832812,3.7732567315183188,-2.0677871812801185,-1.7877726092075248,-1.9917555023099702,4.643911914714122,-3.1954190399132423,2.9986081500841504,0.21366530334249026,0.36310250516118,-0.8100673620419457,-2.041298939311227,-0.6982634520049644,-1.387756641786911,-2.278658145111451,-0.2979746156331907,0.06827079871981036,-1.0263193774886596,0.7733322274085328,-0.33245577098304385,-0.33992710708076823,-0.6721308312131978,-0.13617837987791565,0.6714961865178782,0.36356290788437795,0.410110429047288,-1.3225574825934727,-0.26376929660024556,2017-03-01
58.36794389298793,109.24692681179064,3.5803635441345194,-40.79167407289429,4.5211308196531945,37.38921423485192,-23.076028356550463,-28.267412548997154,-13.466843501801538,2.932369387957195,-31.256591008304675,6.133832053850968,7.085292532933445,11.198490269124608,-5.611029739859429,3.60991911282431,2.9389725936974185,5.9031136020999995,20.65897225399035,-5.370111144856496,-4.528743810319085,18.08809080455451,1.5919060597999173,-21.066142187257956,16.36868490328984,7.724669677945823,4.316456028466049,3.5838939942569024,0.23441627186949135,-3.7810860544309057,-7.404392921086521,4.9732214446562635,-8.161638094989263,-3.444296996672308,-4.351011486658215,14.249356954061842,4.715938093385237,0.3819292018591949,-1.9797634416045922,1.276390574562485,-0.49575732299342706,1.2275921458951975,-1.276081585785702,-1.4169748477558644,1.1939105969218393,1.5524881721610024,-0.21714967029333948,-0.5884340717743715,-0.6429027214051906,-0.07839807698888406,-0.6495176834729518,-0.33387337369288017,-0.18409825067720179,1.5525712683971016,0.46310237611286853,1.6495179029272404,-0.10337641822004763,-0.028292678153128536,-0.439389756538012,-0.03464852718915566,0.20688470468909018,0.30732333995430955,-0.6287255851729329,-0.837051256595937,0.04469553186122881,-0.5498541161009957,2017-04-01
60.430037339886006,112.27811005999527,10.358880863926442,-36.20128227955031,-10.605758387694264,45.03489042774002,20.96477739962461,-20.001747073821402,-26.821976143943086,17.08283405540755,-36.10289128610538,15.255635690552944,-6.248426241577374,33.72369375942245,-13.35613883893259,10.303820095990432,-33.97089220803785,-9.740073829804876,-18.713350719805742,-2.0928623579840067,3.970025462587205,-17.075131812105248,-1.5305642007856064,4.609372157063541,-3.609621290210482,0.45449266856175996,1.9268078673990485,3.0638129280060955,-2.4137682166263623,-0.7028734323003979,3.5965963086214408,-1.802949797173458,0.6083936996495998,0.7208539075800765,0.2872223250198484,-4.249392228385351,-1.7849433677298059,0.1315644307988011,-0.1266280007989709,-0.6381661219083103,0.845114497025359,-0.07716530843565231,1.2679037485994353,-0.18296778784754447,0.06733636030075371,-0.4288343979298996,0.5183558722264241,0.7344757212895847,0.12493156496787029,0.06418523885247185,0.42448091109345826,-0.030660316182633898,-0.6956575260260606,-0.12900451479227631,0.30669628590174697,-0.3160416717797545,0.07494013713784309,0.23030089110994006,-0.34468360578493645,-0.012305590257125397,-0.242871434819607,-0.0720673088242611,0.12267360028531187,0.34458545578127914,0.2095821322315788,0.13503411139107335,2017-05-01
5.666643893296078,186.29775142275497,279.521095158945,25.630032169197708,1.9416956953954227,-17.907753031088422,11.609132432860939,8.173823254411117,14.702687642423383,0.6193084402866041,5.454575286500581,-1.3181985212367484,0.6902366893513904,-2.2652248428415906,0.5127799752319356,-0.2103636995571005,1.8026066664677756,1.2757407820630506,-0.3578306406630801,0.5658306323134821,-0.37187383314571715,0.2816104499885751,0.1075012325827488,0.3297486737935508,-0.07459474830976895,0.23245176357416342,0.28642196872026243,-0.06665177802287921,0.11152689618188866,-0.2389273319142331,-0.04721199709342295,0.3253836253073955,-0.09381801408970147,0.07608590681795624,0.13608829223528995,0.27475038979499283,0.20247320022563614,-0.11231744584400727,0.10628096236848143,-0.017734548205176982,0.12895153713568017,-0.0400464758918812,-0.050137789821003545,0.047244901714006374,-0.0010939176446902038,0.1281540566147084,-0.018871215102937756,-0.04054572859679981,0.03803525311962897,-0.02197352236494704,-0.07823260702849792,-0.13679877030715795,0.04746938763130866,-0.006476273979528794,0.02098704931638816,-0.058653647107015316,0.026753380814893556,0.03073557042906365,0.01978808229977673,0.04150004408283676,-0.032780915632206545,-0.049786791100859575,-0.02582968845000615,0.003674155411706596,-0.022939971267684548,-0.04591670001341564,2017-06-01
-1440.3591946058439,68.00647606821204,-13.312963804953565,4.035960517092619,-2.0492186290927705,3.8676110975552556,-1.815417988370593,-0.6205376751855555,-2.8506091177826294,-0.2995665327131697,-0.47969737032825943,0.09685730990835625,-0.9411246322525618,-0.5657330104866447,-0.026842062497429896,-0.0045234281604733945,-0.08040975710782222,-0.045691820074207384,-0.15569034310491942,-0.09838868033863504,-0.19087336294125312,-0.050875358254011654,6.245554469775094e-4,-0.10227202600160339,0.015050839295360465,-0.09395611804140774,-0.1683154946033045,0.06794747818983056,-0.07315274116490095,0.03850779871644154,-0.00428954623230496,-0.008216778008256764,-0.10458463013726577,0.03380623373004529,0.10861909975993068,0.032176303825176944,0.03635394922762854,-0.014106997266240717,0.06884163524173735,-0.015413409662155339,0.03501752898193479,-0.037685350791239684,-0.07231236352450067,0.07477064792233336,0.04352350707870645,-0.023103714009169694,0.025076302649294266,0.012096316112083186,7.882997146079693e-4,-0.022053521137398474,-0.0029975095985105005,0.04062667932005645,0.023196549279013885,-0.007229284883104798,0.007995399607209124,-0.040398093103610755,-0.002992869041228443,-0.002851985444796319,-0.014435424547465742,-0.012196390936058087,-0.01191188455966491,-0.01513034084653232,0.0015827931260279236,-0.018645615728630723,0.0051356537959564175,0.007228556405423414,2017-07-01
